{"cameraMode":{"drawMode":0,"name":"Shaded","section":"Shading Mode"},"sceneLighting":false,"audioPlay":false,"sceneViewState":{"showFog":true,"showMaterialUpdate":true,"showSkybox":true,"showFlares":true,"showImageEffects":true,"showParticleSystems":true},"in2DMode":false,"pivot":{"x":0.6302204132080078,"y":1.455732822418213,"z":2.174506902694702},"rotation":{"x":0.2256721556186676,"y":-0.6789057850837708,"z":0.23254084587097169,"w":0.658850371837616},"size":6.271955490112305,"orthographic":false}