{"cameraMode":{"drawMode":0,"name":"Shaded","section":"Shading Mode"},"sceneLighting":true,"audioPlay":false,"sceneViewState":{"showFog":true,"showMaterialUpdate":true,"showSkybox":true,"showFlares":true,"showImageEffects":true,"showParticleSystems":true},"in2DMode":false,"pivot":{"x":0.24410498142242433,"y":-0.7514761686325073,"z":-2.153459072113037},"rotation":{"x":0.4080502986907959,"y":-0.2033967226743698,"z":0.09377389401197434,"w":0.8850600123405457},"size":13.283087730407715,"orthographic":false}