{"cameraMode":{"drawMode":0,"name":"Shaded","section":"Shading Mode"},"sceneLighting":true,"audioPlay":false,"sceneViewState":{"showFog":true,"showMaterialUpdate":true,"showSkybox":true,"showFlares":true,"showImageEffects":true,"showParticleSystems":true},"in2DMode":false,"pivot":{"x":0.4201500117778778,"y":-1.8491531610488892,"z":-1.5380929708480836},"rotation":{"x":0.3953932523727417,"y":0.0033168182708323,"z":-0.0014283803757280112,"w":0.9185048341751099},"size":8.738155364990235,"orthographic":false}